SITE ID,SITE NAME,COUNTY,1997,1998,1999,2000,2001,2002,2003,2004,2005,2006,2007,2008,2009,2010,2011,2012,2013,2014,2015,2016,LS 2016-17,2017,LS 2017-18,2018,LS 2018-19,2019,LS 2019-20,2020,LS 2020-21,2021,LS 2021-22,2022,LS 2022-23,2023,LS 2023-24,,
3120,Anchor Bay,Mendocino,"1,310",,0,,,,,,,,,,0,,,5,0,0,0,,,1,,,,0,,,0,0,,0,0,0,,,
3118,"China Gulch, Gualala",Mendocino,"2,000",0,0,,,,,,,,,,,,,5,,0,0,0,,2,,0,,0,,,,0,,0,0,2,,,
3119,"Fish Rock #1, Anchor Bay",Mendocino,,50,0,,,,,,0,,,,,,,0,,0,0,,,0,,,,0,,,,,,,,,,,
3122,"Bay Flat Rd., Bodega Bay",Sonoma,,,450,700,3,,,,,,,,,,,0,,,0,,,,,,,0,,0,0,0,0,1,0,0,0,,
3121,"Bodega Dunes Campground, Bodega Bay",Sonoma,,,300,"2,500",4,,160,34,0,0,0,0,0,,600,10,0,8,10,50,,10,,0,0,0,0,0,0,6,0,2,0,0,0,,
3133,"Monarch Glen, The Sea Ranch",Sonoma,440,"1,600",0,,,,,,0,,,,,,,0,0,0,0,0,,5,2,5,,0,,0,0,0,0,0,0,0,,,
3138,"Ranch Road, Bodega Bay",Sonoma,"6,220",,0,6,0,,,,,,,,,,,0,,0,0,,,,,0,0,0,0,,0,0,0,0,0,0,0,,
3235,Stillwater Cove,Sonoma,,,,,,,,,,,,,,,,,,,900,,,,,0,,0,0,7,0,1,1,0,0,,,,
3195,"Swimming Pool, The Sea Ranch",Sonoma,,,,,,,,,,,,,,,,,5,0,1,0,,,,,,,,0,0,6,0,0,0,3,2,,
3125,Timber Cove,Sonoma,,,,,,,,,,,,,,,,,,,,,,,,,,,,,,,1,0,0,,2,,
2912,"Alder Rd., vortex (Larch, Ocean St)",Marin,,,,,,"2,300","10,400","8,880",950,"3,520","1,000",390,"1,700",0,"7,700",150,"1,013",3,"4,050","13,375",,"12,360","10,000","1,256",62,200,0,100,53,105,44,"1,012",36,925,636,,
3169,Avenida Farralone,Marin,,,,,,,,,,,,,,,,,,, ,,,4,,2,,0,,0,0,15,0,0,8,,,,
2915,Bolinas Sewage Facility,Marin,,,,"1,500",0,0,5,122,,0,,,0,0,0,0,0,0,3,0,,410,0,0,0,5,0,10,10,10,8,432,4,1265,1100,,
2903,"Chapman Ravine, Stinson Beach",Marin,"15,500","4,000","3,000","15,150","1,000","2,000","2,000","8,050",0,0,0,3,49,0,800,0,503,2,"8,200","4,000",,210,0,1,0,0,0,5,0,5,22,56,0,68,,,
3226,"Charlotte, Muir Beach",Marin,,,,,,,,,,,,,,,,,,,"8,000","1,206",350,414,,8,1,0,1,2,0,0,0,30,5,,0,,
2896,"Community Center, Muir Beach",Marin,,,,,,,,,,,,,,,,,,,,,,,,,,,,,,0,0,,0,0,0,,
2909,"Fort Baker, GGNRA",Marin,,"1,600",200,310,15,0,9,"2,200",0,550,0,5,0,0,500,10,0,0,250,259,,5,0,0,0,5,0,0,0,25,8,3,0,26,162,,
2675,"Fort Barry, Marin Headlands  (Youth Hostel)",Marin,"2,550",0,0,0,0,0,0,0,1,0,0,0,0,0,0,5,0,2,5,0,,1,0,0,,0,,0,0,0,0,0,0,0,0,,
3227,"Juniper & Kale, Bolinas",Marin,,,,,,,,,,,,,,,,,,,"10,200","4,060",30,"4,310",0,200,0,113,12,19,12,20,2,"1,042",0,911,92,,
2913,"Mesa Road, north of Bolinas",Marin,,,,,,,,,,,,,,,,,,,,,,,,,,,,,,,,29,0,0,,,
2905,"Puente Del Mar, Stinson Beach",Marin,,,,,,,,,,,,,,,,,,,,,,,,,,,,,,,,,5,6,,,
2899,"Purple Gate, Bolinas",Marin,"12,000","8,050","1,500","12,050",3,"2,000",300,"7,200",130,"2,600",0,20,27,0,400,530,,0,"8,000","1,020",,625,0,975,7,10,0,5,0,0,0,"1,393",53,220,0,,
2901,"Terrace Ave., Bolinas",Marin,,"2,050","1,000","2,000",0,0,0,,,0,0,0,0,0,0,0,0,2,0,0,,1,0,0,0,0,,0,,0,0,0,0,,,,
2897,"Terwilliger  Grove, Muir Beach",Marin,"2,100",500,500,305,0,35,54,,365,,0,0,0,0,0,0,2,0,0,0,,0,,9,0,0,,5,0,0,0,0,0,0,0,,
3039,"Fort Mason, Near Bldg. 201",San Francisco,150,110,0,0,0,0,0,,,,14,6,1,3,11,2,4,8,16,3,,3,0,3,0,8,1,11,,10,8,1,3,4,0,,
3040,"Golden Gate Park, 41st & Fulton",San Francisco,700,0,0,0,,0,,,,,0,0,1,1,0,0,,,0,0,,1,,0,0,0,,0,,1,,0,,0,,,
3041,"Golden Gate Park, Botanic Garden",San Francisco,,,,,,,,,,,,7,1,2,4,4,5,0,4,3,,2,,0,,3,,0,,5,,4,,5,,,
3190,"Golden Gate Park, Strawberry  Hill",San Francisco,,,,,,,,,,,,,,,3,,,,0,0,,3,,,,0,,,,0,,0,,5,,,
3037,Rob Hill / The Presidio,San Francisco,,,,,,0,,,,,1,5,3,2,2,2,3,20,160,200,,24,24,2,0,4,0,0,,8,1,25,0,0,0,,
3042,Stern Grove / Pine Lake,San Francisco,,,,,,,,,,,,4,0,0,15,3,3,3,27,8,,34,1,,,8,,,,6,,12,,25,,,
3189,Treasure Island,San Francisco,,,,,,,,,,,,,,,240,22,12,15,10,1,,,,,,,,,,0,,,,1,,,
3188,Yerba Buena Island,San Francisco,,,,,,,,,,,,,,,365,10,23,0,16,41,,8,0,,,0,,,,2,,0,,2,,,
3115,"Mare Island, Vallejo",Solano,,50,,,,,,,,,,,,,,0,,,210,16,,5,8,17,3,0,,10,,,0,640,17,76,,,
2839,"47th & Hoffman, Richmond",Contra Costa,,,,,,,,,,,,,,,,,,,,,,,,,,,,,,,,13,5,3,4,,
2841,"Point Pinole, Point Pinole",Contra Costa,"5,000",,"1,000",600,3,0,,879,0,0,0,0,0,0,785,4,0,,,252,1,268,0,1,0,2,0,0,0,15,1,18,9,3,0,,
2840,"U.C. Berkeley Extension,  Richmond",Contra Costa,"3,000",12,,0,150,0,,,,,,,,,,0,,,,,,,,,,,,,30,17,,6,,395,63,,
3210,Alameda Point,Alameda,,,,,,,,,,,,,,,,,,,,,,19,,7,6,21,14,4,,25,25,30,22,44,9,,
2830,"Albany Hill, Albany",Alameda,"3,000",85,3,0,0,0,,,350,,0,83,18,9,"2,137",45,12,127,"1,244",875,,768,200,12,8,31,9,7,2,12,9,598,197,305,78,,
2831,"Ardenwood  Historical Farm, Fremont",Alameda,"25,000","5,000",135,"1,530","1,000",,"1,500","2,036",,"1,595",182,683,883,224,"4,188","1,682","1,032","2,061","2,409","2,468","1,256","2,075","1,255",66,0,3,0,3,0,7,2,550,10,444,66,,
3228,Berkeley Aquatic Park,Alameda,,,,,,,,,,,,,,,,,,,"1,325",0,,3,,10,,4,,50,3,14,2,180,18,53,70,,
2832,"Chuck Corica Golf Course, Bay Farm Island",Alameda,,"1,500",,,"3,000","2,000",750,,,"2,250",,0,100,,,"2,171",,"1,010","2,226","1,710","1,392",985,"1,532",70,35,177,0,19,11,14,17,262,33,56,21,,
3290,"Chuck Corica Golf Course, Driving Range",Alameda,,,,,,,,,,,,,,,,,,,,,,,,,,,,,,,,7,,4,0,,
2834,"Coyote Hills, Fremont",Alameda,700,500,210,500,,,300,249,,420,,,72,30,,,0,,,1,,21,,10,0,20,0,0,0,6,1,45,4,120,21,,
3250,Encinal Boat Ramp,Alameda,,,,,,,,,,,,,,,,,,,,,,3,69,24,19,13,15,0,,0,0,9,1,2,2,,
3264,Franklin Park,Alameda,,,,,,,,,,,,,,,,,,,,,,,,,,,,,,,,35,15,11,21,,
3255,Gill Tract,Alameda,,,,,,,,,,,,,,,,,,,,,,,,,,,,59,7,30,26,10,2,20,4,,
3229,Lake Merritt,Alameda,,,,,,,,,,,,,,,,,,,100,50,,,,34,2,9,6,14,,5,2,5,0,5,0,,
3265,Lincoln Park,Alameda,,,,,,,,,,,,,,,,,,,,,,,,,,,,,,,,192,44,254,162,,
2836,Newpark Mall (Shirley Sisk Grove),Alameda,,,,,,,,,,,,,,,,,,,,96,112,163,0,0,0,4,0,0,0,0,5,152,0,101,100,,
3191,Oyster Bay Regional Shoreline,Alameda,,,,,,,,,,,,,,,,0,0,20,,253,,19,90,,0,6,10,0,0,1,2,98,6,23,1,,
2833,"San Leandro Golf Course, San Leandro",Alameda,"25,000","20,000","2,000","2,050","1,050","1,000","2,500",,"4,900","5,625","6,000","5,000","5,000","3,000","7,000","4,000","5,000","7,750","12,864","6,675",,"7,817",248,192,5,702,252,,,175,69,"1,419",391,1093,1099,,
2837,"Skywest Golf Course, Hayward",Alameda,,,"5,000","5,600","1,000",,,,,,,,54,0,,37,3,,,160,0,670,,56,,65,,1,,,,494,,1941,1324,,
3289,"Baylands Park, Sunnyvale",Santa Clara,,,,,,,,,,,,,,,,,,,,,,,,,,,,,,,,,,,33,,
3108,Frenchman's Creek,San Mateo,,,,,,,,,,,,,,,,,,,,,,39,,2,0,6,0,0,0,0,0,0,0,,1,,
3110,Martini Creek,San Mateo,,,,,,,,,,,,,,,,,,,,,,,,,,,,,,2,,,,0,,,
3113,Sweetwood,San Mateo,,,,,,,,,,,,,,,,,,,,,,,,,,,,,,14,4,,0,22,,,
3107,Verde,San Mateo,,,,,,,,,,,,,,,,,,,,,,20,,0,0,0,0,0,,17,0,0,1,,0,,
3100,"Whitehouse  Creek, Año Nuevo",San Mateo,,,,,,,,,,,,,,,2,,,,,,,,,,,,,,,4,,11,0,,,,
2985,"Escalona Gulch, Capitola",Santa Cruz,,"1,200",625,166,105,18,0,9,15,2,0,370,9,4,,200,450,950,950,"2,508",,188,,1,,20,10,0,,20,,25,,144,30,,
2995,"Home of Peace Cemetery,  Santa Cruz",Santa Cruz,,6,6,27,1,,1,5,34,,0,3,,,,,6,30,600,25,,28,,,,25,,2,,12,,12,,,,,
3011,"Lifeguard Headquarters, 14th Ave., Santa Cruz",Santa Cruz,,,,43,13,4,0,21,20,13,7,14,14,,,0,0,2,8,8,,8,,15,,10,,32,,14,,14,,68,,,
3000,"Lighthouse  Field, Santa Cruz",Santa Cruz,"70,000","50,000","9,500","35,000",,"3,200","11,000","9,600","14,000","10,300","5,700","2,607","4,000","4,000","18,100","3,200","4,500","7,000","12,000","12,000","10,214","12,000","13,533","1,802","1,933","3,402","2,600",50,13,410,637,"3,365","2,836",10000,8446,,
2989,Manresa State Beach,Santa Cruz,,,,,,,,,,,,,,,,0,,2,,2,,,,0,,,,,,2,,0,1,,,,
2994,Moore Creek,Santa Cruz,,,,,,,,,,,,,,,,,,,,,,,,,,,,,,20,,6,,,,,
2983,"Moran Lake, Moran Lake",Santa Cruz,"70,000","8,000","4,500","4,000","1,500","1,000","6,000","4,500","3,400","6,600","2,200","4,023","2,276","3,000","4,500","2,500",790,"4,300","5,800","4,000","3,965","5,400","8,094","1,373",346,400,30,50,30,"1,100",725,"5,701","4,000",7050,4970,,
2998,"Natural Bridges State Beach, Santa Cruz",Santa Cruz,"120,000","60,000","15,000","20,000","3,000","6,000","5,700","9,600","3,900","7,300","2,700","3,500","1,300","2,300","3,000",500,"4,600","3,400","8,000","3,500",3,"9,000",0,"1,120",765,"1,997",25,550,550,"2,100","1,700","7,500","4,500",6500,6600,,
2986,"New Brighton / Potbelly, Aptos",Santa Cruz,,445,"2,000","2,640",64,8,3,500,617,"2,015",12,35,41,24,,400,"1,145",7,500,250,,300,,10,,5,,0,,30,,20,,100,,,
3009,"Cement Plant Rd and Hwy 1, Davenport",Santa Cruz,,,,,,,,,,,,,,,,,,,,,,,,,,,,,,,,183,2,18,,,
3010,"Ocean View and Marine Drive, Davenport",Santa Cruz,,,,,,,,,,,,,,,,,,,,"2,417",,"2,876",,694,,167,54,0,,985,,500,192,1510,,,
3002,Oxford & Alamar,Santa Cruz,,,,,,,,,,,,,,,,0,,,,0,,0,,0,,,,,,0,,,,0,,,
2990,Palm Beach,Santa Cruz,,,,,,,,,,,,,,,,,,4,,171,,3,,0,,0,0,,,0,,0,0,,,,
2984,"Rispin Mansion,  Santa Cruz",Santa Cruz,,5,20,11,17,0,0,16,11,9,3,7,4,2,,9,0,,27,240,,6,,7,,12,,8,,,,13,0,66,,,
2988,"Seascape Golf Course, Aptos",Santa Cruz,,240,280,"1,050","1,400",4,,950,,"2,000",48,"1,560",23,"1,000",,"2,500",0,,"1,800","1,000",,100,,,,0,5,0,,700,32,500,,252,473,,
3005,"South Branciforte, Buena Vista",Santa Cruz,,2,27,24,23,0,0,75,48,32,5,8,7,2,,7,6,277,185,"1,980",,9,,20,,19,,19,,25,,22,,259,25,,
3008,UCSC Arboretum,Santa Cruz,,,,,,,,,,,,,,,,0,,9,,0,,0,,1,,,,,,0,,0,,,,,
2924,Andrew Molera State Park,Monterey,,,,,"4,470",917,"13,888","4,759","8,239","2,858",607,"4,903",155,"1,551","4,201","1,852",442,"2,835","5,620","2,327",,"5,100",130,3,0,10,0,0,,2,0,0,,1131,470,,
2940,Big Creek Preserve,Monterey,,,,,,,,,,,,,,,,,,0,0,,,,,,,0,,,,0,,0,,0,,,
3192,CH1 Private Site,Monterey,,,,,,,,,,,,,,,,,0,0,656,"4,646",0,"1,100",250,3,2,3,6,3,,"1,193","2,623",,,,,,
3230,CH2 Private Site,Monterey,,,,,,,,,,,,,,,,,,,62,0,,0,,,,,,0,,,,,,,,,
3248,Deer Flat Ranch,Monterey,,,,,,,,,,,,,,,,,,,,,,,,241,270,369,244,40,47,473,,"1,248",,558,,,
2927,Del Monte Road,Monterey,,,,,,,,,,,,,,,,,88,572,371,145,,142,0,1,0,0,0,0,0,0,,0,,1,0,,
2938,Elkhorn Slough Reserve,Monterey,,,,,,,,,,,,,,,,,,,,,,,,,,,,,,,,,,50,3,,
3185,Los Padres National Forest/Caltrans Grove,Monterey,,,,,,,,,,,,,,,6,8,0,19,1,,,0,,3,0,0,0,0,,7,,0,,0,0,,
2921,McWay Canyon,Monterey,,,,,,,,,,,,,,,,,,0,0,0,,0,,0,0,0,0,0,,,,,,0,0,,
2943,"Moss Landing Middle School, Moss Landing",Monterey,,,,0,,,,,,,,,,,,,,,0,2,,0,,,,,,0,,0,,,,,,,
2931,Pacific Grove Golf Course,Monterey,,,,,,,,,,,,,,,,0,,,0,,,,,0,,0,0,0,0,0,,0,,0,0,,
2935,Pacific Grove Monarch Butterfly Sanctuary ,Monterey,"45,000","35,000","25,000","20,000","14,960","4,700","22,802","10,867","12,199","28,746","8,181","17,866",793,"4,968","12,265","10,790","13,420","18,128","11,472","17,100","4,520","7,350","6,050",815,685,642,316,0,0,"13,608","10,055","15,960","13,149",6608,5785,,
2926,"Palo Colorado, South of Carmel Highlands",Monterey,,,,0,300,0,33,10,0,0,1,0,,0,0,,3,14,3,0,,16,0,0,0,0,0,0,0,3,,0,,,,,
2941,"Plaskett Creek, South of Big Sur",Monterey,,,,0,95,23,"3,083",786,928,916,0,397,110,0,643,610,3,"1,021","4,400",12,,8,,5,20,14,0,0,0,16,,360,,13,2,,
3186,"Point Lobos State Park, Carmel Bay",Monterey,,"6,000",,,960,3,"4,306","1,198",14,"1,430",2,"1,274",6,39,791,117,486,0,0,0,,0,0,0,0,0,0,0,,,,0,,0,0,,
2925,Point Sur Lighthouse,Monterey,,,,,,,,,,,,,,,,,,,,,,,,,,4,0,0,0,,0,,,,,,
3160,Prewitt Creek,Monterey,,,,,105,0,199,0,0,5,0,0,,0,0,,0,3,0,0,,0,,,,0,0,0,,0,,0,,,,,
2920,Private Property near Big Sur,Monterey,,,,,"10,313","5,950","21,918","32,536","16,132","14,203","6,629","5,333","3,671","2,076","9,821","15,671","21,329","32,914","5,202","39,753",,"19,741","3,780",819,29,"1,750",50,15,,"11,200","10,100","9,600",,8700,10600,,
2923,"Sycamore Canyon, Big Sur",Monterey,,,,,,,,,26,4,4,"1,290",0,0,0,,0,373,0,989,305,200,1,0,0,0,,0,0,0,,,,,,,
2934,"Washington Park, Pacific Grove",Monterey,,,,0,,,"2,750","4,325",2,"11,795",2,0,0,0,61,0,1,0,0,0,,0,0,0,0,0,0,0,0,0,0,,,0,0,,
3231,Yankee Point,Monterey,,,,,,,,,,,,,,,,,,,158,0,,,,,,,,0,,,,,,,,,
3085,"Alapay, North of Cayucos",San Luis Obispo,,,,"1,700",,,,,,,,,,,,,216,215,0,95,,"1,328","1,310",68,10,0,6,0,0,51,0,115,0,0,0,,
3173,Alexander/Abalone Farm,San Luis Obispo,,,,,,,,,,,,,,,,,,,,,,,,,,,,,,,,,,475,,,
3086,"Avila Golf Course, San Luis Obispo",San Luis Obispo,,,,"1,000","3,000",,,0,,,0,,,,,,20,,,,,,,,,,,,,17,1,6,0,38,38,,
3083,"Blacklake I, E of parking area, W of Entrance",San Luis Obispo,,,,,,,"4,723","3,250","2,442",0,0,"2,862","1,632","7,120","9,713",,0,253,0,0,,0,"3,000","1,084","1,385",42,509,4,,"3,065","1,553","2,942",670,2905,780,,
3089,"Blacklake II, NW end of meadow,  S of Lake",San Luis Obispo,,,,,"7,000","3,900","8,500","11,714","7,110","4,080","1,921","5,390","2,240","1,775","7,583",,"12,073","8,531","8,530","5,674",,"4,169",8,"1,425","1,325",741,846,5,,"14,780","9,594","13,035","7,341",7542,7205,,
3087,"Bowden Estates, San Luis Obispo",San Luis Obispo,,,,,200,5,950,50,25,49,1,0,4,3,4,0,0,20,8,34,,1,,0,0,0,,0,0,0,2,1,,,,,
3214,"Callendar Road, Arroyo Grande",San Luis Obispo,,,,,,,,,,,,,,,,,,799,"1,426",203,0,2,0,,52,15,12,2,0,"1,119","1,333","2,125",0,66,0,,
3058,"Camp Keep, Montana De Oro State Park",San Luis Obispo,"50,000","2,000","1,000","8,000","1,000",5,300,"1,050",0,0,0,825,0,0,0,,854,"2,563","2,105",674,,"2,870",,,,0,1,1,0,"1,299",5,333,0,772,665,,
3266,"Cayucos Creek Rd & Hwy 1, Cayucos",San Luis Obispo,,,,,,,,,,,,,,,,,,,,,,,,,,,,,,,,"11,626",2,7063,,,
3232,Cypress Ridge Golf Course,San Luis Obispo,,,,,,,,,,,,,,,,,,,"1,104",0,,,,53,50,0,18,10,4,8,208,352,610,1172,722,,
3233,"Del Mar Park, Morro Bay",San Luis Obispo,,,,,,,,,,,,,,,,,,,"3,792","3,268",,261,0,0,0,0,0,3,0,87,48,"3,182",254,225,13,,
3263,"Delta Lane, Arroyo Grande Creek",San Luis Obispo,,,,,,,,,,,,,,,,,,,,,,,,,,,,,,,,713,0,131,,,
3057,"Eagle Rock, Morro Bay",San Luis Obispo,,,,"5,000",0,0,0,0,0,463,2,18,15,65,700,80,684,"2,410",0,705,,34,3,0,0,0,9,4,5,96,50,0,0,788,13,,
3046,Fiscalini Ranch ,San Luis Obispo,,,,,,,,,,,,,,,,,,,"20,750","5,618","1,866","1,812","3,315",323,"1,114",133,148,3,8,"1,709",53,"5,067",139,1235,26,,
3090,"French Hospital, San Luis Obispo",San Luis Obispo,,,,,,,,50,10,53,23,12,85,136,70,,7,,50,0,,197,0,0,,0,8,2,4,20,6,342,3,343,537,,
3262,"Hacienda Drive & Ocean Boulevard, Cayucos",San Luis Obispo,,,,,,,,,,,,,,,,,,,,,,,,,,,,,,,,123,0,615,30,,
3064,Halcyon Cemetery,San Luis Obispo,,,,,,,,,,,,,,,,,,,,,,2,,,,12,2,8,6,5,2,6,0,7,0,,
3067,"Halcyon Hill, Halcyon",San Luis Obispo,,,,,,,"6,400",0,"4,100","2,460",177,825,622,"4,593","7,547","4,255","2,769","3,750","1,265","1,155",,3,,354,215,35,84,8,0,"1,007",917,"1,993",202,3643,346,,
3222,"Happy Hill, Cambria",San Luis Obispo,,,,,,,,,,,,,,,,,,,,522,,0,,,,,,,,4,,,,,,,
3052,Hazard Cove,San Luis Obispo,,,,,,,,,,,,,,,,,,,,,,,,,,,,,,"4,945","2,300","13,318","4,660",26,2,,
3093,"Higuera & Elks Ln SLO Cemetery,  San Luis Obispo",San Luis Obispo,,,,"3,000",650,150,860,700,900,565,120,140,404,290,"1,181",104,23,85,180,0,,18,0,0,,1,0,1,0,1,0,4,0,0,,,
3062,Hwy 1 & Willow Road,San Luis Obispo,,,,,,,,,,,,,,,,,,,,,,,,,,,,,,1,0,0,,,,,
3049,"Kaberline,  Cayucos",San Luis Obispo,"35,000","7,000","2,500","7,600",25,0,0,20,100,30,8,10,15,1,13,,0,0,0,0,,0,,333,0,0,0,6,2,,,,,28,0,,
3066,"La Due, Halcyon",San Luis Obispo,,,,,,,0,0,0,0,0,,0,0,3,,0,,0,0,,0,,,3,,,,,,,,,,,,
3077,"Main & South St., Morro Bay",San Luis Obispo,,,50,"1,500","5,000",10,0,0,2,0,5,5,0,1,9,,0,0,10,0,,0,,,,5,,2,3,0,3,13,0,0,0,,
3076,"Main & Surf St., Morro Bay",San Luis Obispo,,,,25,3,1,1,2,0,0,2,,2,20,12,,6,0,60,0,,0,65,0,100,0,0,0,0,"3,188","2,609","5,564","4,155",2467,2349,,
3053,"Monarch Lane, Los Osos (modified site)",San Luis Obispo,"3,000","4,000","1,500","3,000","2,000",150,"1,160",280,100,"1,890",400,600,246,63,395,13,540,0,3,"2,500","4,453","1,930",,94,253,321,310,0,,"1,020","3,936",0,,380,395,,
3056,"Morro Bay Golf Course, Morro Bay",San Luis Obispo,"20,000","40,000","5,300","6,000","1,500",806,"3,535",750,"8,300","7,242","3,880","1,375","3,720","7,292","9,494","10,976","16,244","15,890","13,492","12,189","13,787","2,587",,537,613,26,482,3,0,"8,464","6,135","10,605",2,10029,6864,,
3055,"Morro Bay State Park Campground, Morro Bay",San Luis Obispo,100,0,"3,100","13,000","5,000","2,000","8,105","3,750",0,800,550,335,571,160,21,121,165,"2,298","4,441","4,792",2,474,4,485,0,489,2,4,0,86,5,60,3,1543,15,,
3080,"Morro Bay State Park, East Shore",San Luis Obispo,,,,,,,,,,,,,,,,,,0,0,0,,0,,1,,0,,1,,4,0,6,1,8,0,,
3079,"Morro Bay State Park, South Bay Blvd",San Luis Obispo,,,,,,,,,,,,,,,,,,,,,,,,,,1,30,0,0,262,23,21,2,308,320,,
3095,"N. Santa Rosa, San Luis Obispo",San Luis Obispo,,,,,,,300,350,100,0,0,75,0,12,220,,27,,55,0,,0,,1,,,,1,0,0,0,1,,,,,
3215,"Nacimiento, Grover Beach",San Luis Obispo,,,,,,,,,,,,,,,,,,32,12,365,,5,,8,7,0,,1,0,0,0,132,0,32,1,,
3096,"Nipomo, S. Oakglen",San Luis Obispo,,,,,,,160,0,,,,,,,,,,,,,,,,,,,,,,,,,,,,,
3288,Peach Street & Brizziolari Creek,San Luis Obispo,,,,,,,,,,,,,,,,,,,,,,,,,,,,,,,,,,,160,,
3043,"Pecho Rd., Los Osos (Pecho & Rosin Dr.)",San Luis Obispo,"15,000","4,100","1,500",100,"2,000",380,"3,000","3,000","2,000","2,000",500,880,720,"3,689","3,275","2,342","4,966","7,333","9,292","5,142",,"4,268",,90,,,,20,,"9,288","6,457","3,886","5,024",1905,1744,,
3065,"Pike, Halcyon",San Luis Obispo,,,,,450,0,470,"5,503","1,800","1,900",455,175,296,"2,944",199,179,35,0,1,0,,0,,,1,0,0,33,7,15,13,1,0,35,2,,
3073,"Pine Ridge, Cambria",San Luis Obispo,"25,000",,,,,,"4,600",600,,,,0,0,1,"6,073",867,"6,290","3,622","6,566","6,781","8,422","2,766",7,319,431,65,0,6,0,"3,479",1,"9,335","6,891",3547,3466,,
3060,"Pismo Beach, North Beach Campground",San Luis Obispo,"100,000","115,100","60,000","26,100","33,000","30,160","38,438","25,575","24,840","22,050","16,900","23,050","17,200","21,286","18,000","28,086","30,293","29,804","28,073","19,755","13,303","12,284","12,005","3,082","3,089","6,735","3,625",199,36,"20,871","16,965","24,128","18,073",16044,10152,,
3068,Prefumo Creek,San Luis Obispo,,,,,,,,,,,,,,,,,,,,,,,,,,38,16,18,3,46,42,26,,181,113,,
3098,"Price & Solar, Pismo",San Luis Obispo,,,,,40,184,50,210,20,150,38,26,0,162,20,238,0,87,212,8,,175,,51,1,0,,0,0,10,2,24,0,196,2,,
3082,"Private site, Oceano",San Luis Obispo,75,"9,850","8,000","7,500","4,400","10,811","7,406","2,725",700,"2,600","1,500","2,470","1,420","2,656","4,708","3,198","6,366","5,612","7,709","6,783","4,113","2,583","1,412",752,865,"1,775","1,470",88,103,"4,729","4,320","12,075","9,150",5110,5950,,
3061,"Private site, Pismo",San Luis Obispo,700,0,0,4,0,0,0,0,0,,0,0,,,,,0,,,0,,0,,,,,,,,,,,,,,,
3256,"Private site, Ragged Point 1",San Luis Obispo,,,,,,,,,,,,,,,,,,,,,,,,,,,,,,26,,,,,,,
3257,"Private site, Ragged Point 2",San Luis Obispo,,,,,,,,,,,,,,,,,,,,,,,,,,,,,,60,0,6,,48,,,
3258,"Private site, Ragged Point 3",San Luis Obispo,,,,,,,,,,,,,,,,,,,,,,,,,,,,,,"5,978","5,690",311,,1,,,
3044,Ragged Point,San Luis Obispo,,,,,,,,,,,,,,,,,,,,,,,,,,6,,12,0,37,,0,,,,,
3245,San Luis Obispo (SLO) Creek,San Luis Obispo,,,,,,,,,,,,,,,,,,,,,,"1,400",507,82,,101,0,6,,260,5,"2,050",,1217,1924,,
3267,San Simeon Point,San Luis Obispo,,,,,,,,,,,,,,,,,,,,,,,,,,,,,,,,585,,,5,,
3268,San Simeon Ranch,San Luis Obispo,,,,,,,,,,,,,,,,,,,,,,,,,,,,,,,,"2,624",,1326,597,,
3045,"Sebastian's Store, San Simeon",San Luis Obispo,,,,,,,,,,,,,,,,,,,,"1,649",1,"2,198",0,258,0,347,2,1,0,74,0,9,0,181,41,,
3081,Spooner's Cove,San Luis Obispo,,,,,,,,,,,,,,,,,,17,195,634,18,64,0,10,9,0,,0,0,193,3,"2,633",373,63,0,,
3054,"Sweet Springs, Los Osos",San Luis Obispo,925,0,100,"1,000",0,230,500,400,0,36,6,120,10,4,8,104,650,"1,166",672,820,476,96,77,2,,20,10,5,11,290,170,15,3,205,134,,
3051,"Toro Creek, South of Cayucos",San Luis Obispo,,,,"5,000",0,,,,,,,,,,492,,"3,200",0,"1,699",110,,"2,570",,321,119,0,82,3,3,844,0,390,125,0,0,,
3070,"Villa Creek, North of Cayucos",San Luis Obispo,,,,"13,500","2,500",350,"3,300","1,200","6,000","3,775","1,060",400,500,"2,150",270,,0,"1,517",171,825,,461,3,0,180,0,0,2,0,837,0,"1,480",88,1729,0,,
3072,Washburn Grove,San Luis Obispo,,,,,,,,,,,,,,,,,,2,0,0,,0,,,,0,,0,,0,,0,,1,0,,
3071,Whitaker Flat,San Luis Obispo,,,,,,,,,,,,,,,,,,"1,518",594,"1,140",2,"1,292",65,410,16,74,7,0,0,55,2,39,6,518,383,,
3167,"Woodlands  Village Monarch Habitat, Nipomo Mesa",San Luis Obispo,,,,,,,,,,,,,164,50,"1,075","3,100","5,150","4,255","3,200","3,500","2,353","2,426","1,020",0,52,0,,4,0,"3,436","2,520","1,810",0,2337,1785,,
3274,Young Creek,San Luis Obispo,,,,,,,,,,,,,,,,,,,,,,,,,,,,,,,,,,436,,,
2727,"Agua Creek, Hollister Ranch",Santa Barbara,,,,,,,,,,,,,,,,,,,140,8,,440,,8,0,,,,,,,,,,,,
3187,Arroyo Hondo Preserve,Santa Barbara,,,,,,,,,,,,,,,,6,,,0,465,,0,0,0,1,0,,3,,4,,5,,6,,,
2734,"Arroyo Quemado,  Near Refugio State Beach",Santa Barbara,,,"3,000",,,,,,,,,,,,,3,,,3,5,,,,,,8,,,,3,,,,85,,,
2765,"Atascadero  Creek, Santa Barbara",Santa Barbara,"20,000",,"4,000","8,912","5,470",0,,,,,,,,,,4,"8,675","6,735","3,795","2,630",,"1,062",0,20,0,1,,2,,814,524,"1,370",,968,,,
2745,Bell Canyon,Santa Barbara,,,,,,,,,,,,,,,,,,,2,6,,,,,,,,,,0,,,,,,,
2817,Bella Vista Park,Santa Barbara,,,,,,,,,,,,,,,,,,,3,0,,,,,,,,0,0,4,0,4,0,1,3,,
3174,"Boys and Girls Club, Goleta",Santa Barbara,,,,,,,17,,5,,,,,,,,,,0,140,,0,,2,,1,,,,,,5,,33,0,,
3242,Brown Road,Santa Barbara,,,,,,,,,,,,,,,,,,,,53,,68,0,,0,7,0,0,0,37,90,,,,,,
2726,Bulito Creek/Parcel 70,Santa Barbara,,,,,,,,,,,,,,,,,,,25,16,,10,,3,0,0,,,,4,,,,,,,
2775,"Butterfly Lane & High Road, Montecito",Santa Barbara,,,,,,,,,,,,,,,,,,,,2,,"1,444",155,,,,,,,,,,,0,11,,
2791,"Butterfly Lane, Montecito",Santa Barbara,,,,0,,,,,,,,,,,,,,5,4,0,,0,,,,,,,,,,,,,,,
2691,California Boulevard,Santa Barbara,,,,,,,,,,,,,,,,,,,,0,,0,0,0,0,0,,0,0,2,0,,,,,,
2729,"Canada de la Cuarta, Hollister Ranch",Santa Barbara,,,,,,,,,,,,,,,,,,,,,,3,,0,0,0,,0,,1,,,,,,,
2736,Canada Refugio,Santa Barbara,,,,,,,,,,,,,,,,,0,,,2,,2,,,,,,0,,0,,,,,,,
2801,"Carpinteria Business  Park, Carpinteria",Santa Barbara,,,,5,13,,,,,,,,,,,,,,,4,0,0,,,,,,,,,,,,,,,
2799,"Carpinteria Creek, Carpinteria",Santa Barbara,"50,000","9,000","13,000","22,500","1,800","4,500","6,150","3,200","6,300","4,250",30,,,,"1,800","1,500","1,480","5,000","4,110","7,830",0,"2,960",,795,175,"1,130",,37,,"3,005",0,"2,901",0,3091,58,,
2757,Cathedral Oaks and Glen Annie,Santa Barbara,,,,,,,,,,,,,,,,,,,,2,,5,,,,0,,0,0,0,0,6,,1,5,,
2738,Coral Canyon,Santa Barbara,,,,,,,,,,,,,,,,,461,,,637,,"1,425",,473,0,471,,,,3,,560,,4743,,,
2798,Coronado Butterfly Preserve,Santa Barbara,,,,,,,,,,,,,,,,,,,,,,,,,,,,,,,,,,15,0,,
2792,Crane School,Santa Barbara,,,,,,,,,,,,,,,,,,,,0,,348,,87,0,8,0,0,0,84,442,"1,235",523,2962,235,,
2755,"Devereux School, Santa Barbara",Santa Barbara,,,,"7,320","2,306",350,475,,800,,,,,570,"1,850",298,0,"1,023","1,307",0,,0,0,1,0,0,,0,,10,41,3,,220,0,,
2770,"Douglas Family Preserve,  Santa Barbara",Santa Barbara,,,,,,,,,60,50,,,,,84,1,,7,4,0,,,,0,,0,,0,0,,,0,0,9,,,
2743,"Eagle Canyon, Near Naples",Santa Barbara,,,"1,430","4,230","9,000",40,,5,,,,,,,,,,,,,,,,,,,,,,0,,,,,,,
2739,El Capitan,Santa Barbara,,,,,,,,,,,,,,,,,,,10,2,,68,0,0,2,1,7,0,0,10,,67,0,850,315,,
3241,El Capitan Ranch Road,Santa Barbara,,,,,,,,,,,,,,,,,,,,156,,541,93,90,15,,,,,13,,,,,,,
2813,"El Refugio Ranch, Near Refugio State Beach",Santa Barbara,,,"12,500",,180,,,,,,,,,,,,19,,,29,,7,,,3,,,,,,,,,,,,
2753,Ellwood / Ocean Meadows,Santa Barbara,,,,,,,,,,,,,,,,,,0,1,0,,0,,,,0,,0,0,1,0,0,0,,0,,
2747,Ellwood / Sandpiper  Golf Course,Santa Barbara,,,55,10,,3,,,775,"3,000",,"2,800",,"8,309","8,100",655,"4,470","7,783","7,823","4,934","2,860","2,407",0,1,0,89,,0,0,346,0,0,0,1929,0,,
2748,Ellwood / The Grove Apartments,Santa Barbara,,,,,,,,,,,,,,,,,,,,2,,0,0,1,0,,,,,,,1,,,,,
2750,"Ellwood Central and West, Goleta",Santa Barbara,"35,000",,"2,200",30,,,,,0,"10,000",,"8,700",,0,,0,"1,205","3,645","1,525","1,920","1,145","2,537",120,1,0,44,,0,0,"2,564",50,130,0,6560,3351,,
2752,Ellwood East,Santa Barbara,,,,,,,,,,,,,,,,,,855,"3,065","1,200","2,670",610,0,0,0,55,,0,0,"4,292","10,711","2,166",78,833,1,,
3251,Ellwood Ironbark,Santa Barbara,,,,,,,,,,,,,,,,,,,,,,,,,,4,,0,0,0,0,0,0,,0,,
2751,"Ellwood Main, Goleta",Santa Barbara,"25,000","20,000","25,000","58,000","35,000","4,500","18,400","16,680","54,700","19,000","11,000","12,000","6,500","27,600","21,800","17,150","2,355","3,543","6,610","2,120",123,"1,390","2,185",205,170,74,,0,0,"3,874","3,378","6,342","1,833",7643,16200,,
2749,"Ellwood North, Goleta",Santa Barbara,,,"2,060","11,650",82,6,"3,160","4,550","1,400","1,800",,131,"1,500",3,,0,,470,379,"1,580","1,490",100,1,0,0,8,,0,0,6,0,0,0,,583,,
2754,"Ellwood, Hollister & Coronado  Dr., Goleta",Santa Barbara,750,200,37,6,,4,,,25,600,,45,,318,33,0,0,245,780,680,10,66,0,11,0,0,,0,0,0,0,0,,225,,,
2776,Ennisbrook,Santa Barbara,,,,,,,,,,,,,,,,,,,,4,,9,,20,0,0,0,0,0,1,0,0,,8,,,
2756,Evergreen Open Space,Santa Barbara,,,,,,,,,,,,,,,24,3,6,1,0,16,,,,0,0,,,0,,0,,25,0,49,160,,
3208,Gaviota State Beach Hill,Santa Barbara,,,,,,,,,,,,,,,,19,6,,2,0,,190,,16,3,37,0,6,0,0,1,10,,1,0,,
2731,"Gaviota State Beach, Gaviota",Santa Barbara,,,,,0,,,,,,,,,,24,"6,397","8,950","6,430","1,597","1,765",,6,,"1,450",62,119,3,46,0,0,3,868,,942,3,,
2829,"Hale Park, Montecito",Santa Barbara,,7,,3,,,,,,,,,,,,,,,17,0,,1,,0,0,0,0,0,0,0,0,1,,1,,,
2789,"Hidden Valley Park, Santa Barbara",Santa Barbara,,,,0,,,,,,,,,,,,,,6,2,2,,,,,,0,,,,0,,1,4,9,,,
2772,Honda Valley / SBCC,Santa Barbara,,,,20,100,350,36,110,570,975,,54,,"2,850","6,100",463,,"1,428","1,475",825,,199,1,,0,1,0,0,0,416,312,"1,473",143,1206,1031,,
2771,"La Mesa Park, Santa Barbara",Santa Barbara,,,,,,,,,85,400,,,,775,25,55,,8,19,0,,16,,,,0,,0,0,16,,,,264,36,,
2766,"La Posada Hill, Goleta",Santa Barbara,,,0,0,,,,,6,,,,,,0,,,4,0,,,,,,,,,,,,,,,,,,
3225,La Ramada Rd and Vala Dr.,Santa Barbara,,,,,,,,,,,,,,,,,,,19,3,,3,,0,,0,,0,0,0,3,16,10,,,,
2783,"Lambert Road, Summerland",Santa Barbara,,,,2,,,,,,,,,,,,50,,,,"5,845","1,950","1,647",,10,0,0,,0,,"1,225",0,"1,713",0,6030,,,
3178,"Las Armas, Goleta",Santa Barbara,,,0,,,,,,,,,,,,,,,,,0,,,,1,,,,,,,,,,,,,
2741,Las Varas Ranch,Santa Barbara,,,,,,,,,,,,,,,,,446,,102,518,,949,,160,,672,,,,"12,992","11,947","10,973",,3534,,,
2730,"Lemon Orchard, Hollister Ranch",Santa Barbara,,,,,,,,,,,,,,,,,,,,,,1,,3,1,2,,1,,0,,,,,,,
2767,Llano & Mariposa Ln / Santa Barbara,Santa Barbara,,,,,,,,,25,,,,,,,,,1,0,,,,,,,,,,,,,,,,,,
2794,"Lookout Park, Summerland",Santa Barbara,,,,2,,,,,,0,,,,,,0,,,,0,0,0,,0,0,0,0,0,,,,,,,,,
2758,Los Carneros and Calle Real,Santa Barbara,,,,,,,,,,,,,,7,465,128,5,2,67,0,,0,,0,,,,0,0,0,0,,,,,,
2761,Los Carneros East Grove,Santa Barbara,,,,,,,,,,,,,,,,,,,0,0,,0,,0,0,0,,0,,0,,0,,,0,,
2760,"Los Carneros Lake, Goleta",Santa Barbara,,,58,0,,9,,,570,,,,,27,15,,,14,0,0,,0,,0,0,0,,0,,0,,0,,74,8,,
3216,Maria Ygnacio / Ramada Rd.,Santa Barbara,,,,,,,,,,35,,,,,,,98,850,528,280,,307,4,7,,20,,5,8,20,9,57,7,285,39,,
2788,"Maria Ygnacio Creek, Goleta",Santa Barbara,,,530,,,40,0,,"1,036",15,,,,59,35,5,0,2,0,10,,0,,0,,0,,0,0,17,2,13,7,,40,,
3176,"More Mesa, Goleta",Santa Barbara,,,200,3,,,,,,,,,,,,,,,0,0,,,,,,,,,,,,,,,,,
3177,"More Ranch Road, Near Goleta Beach",Santa Barbara,,,,"4,500",,30,,,,,,,,,,,7,,0,31,,0,,0,,0,,0,,0,,0,,0,,,
2773,"Music Academy,  Montecito",Santa Barbara,,2,50,0,17,3,,,,,,,,,,,,0,1,0,,0,,,,,,,,,,,,,,,
2800,"Oil & Gas Buffer Zone, Carpinteria",Santa Barbara,"8,000","2,000",800,,,,,100,,"3,000","3,050","4,000",,,,"2,200",0,,,"5,990","4,760",855,324,24,46,5,,3,,852,50,91,,0,,,
2793,Ortega Hill Grove,Santa Barbara,,,,,,,"5,800","6,050","5,800","4,500",,"1,500",,,,650,"1,165",3,3,0,,14,,,415,4,36,0,,0,,828,,2759,4477,,
2796,Padaro Lane 1,Santa Barbara,,,,,,,,,,,,,,,,,,,835,"3,500",105,969,,0,,3,,0,,1,0,705,415,16,,,
3223,Padaro Lane 2,Santa Barbara,,,,,,,,,,,,,,,,,,,"3,391","5,740","6,270",862,,2,,6,,0,,"25,081","5,900","25,710","11,700",1262,478,,
3224,Padaro Lane 3,Santa Barbara,,,,,,,,,,,,,,,,,,,"3,130","4,630",0,4,,1,,0,,0,,224,,5,0,1,,,
2784,"Padaro Lane, Summerland",Santa Barbara,"55,000","30,000","4,000",,"5,700","1,525","1,280","2,900",0,,350,,,,,,,"2,065",,3,,,,,,,,,,,,,,,,,
2680,Pioneer Park,Santa Barbara,,,,,,,,,,,,,,,,,,,0,0,,,,0,0,0,,0,0,0,0,,,,,,
2676,"Preisker Park, Santa Maria",Santa Barbara,350,,,450,,,,,,,,,,,,21,,0,,0,,14,0,1,0,0,,2,0,,3,,,,,,
2742,"Private site, Santa Barbara",Santa Barbara,,,,,,,,,,,,,,,,,,,792,2,,33,0,,,,,,,,3,"2,070",,,0,,
2692,Rancho Maria Golf Course,Santa Barbara,,,,,,,,,,,,,,,,,,,,0,,6,0,0,,0,,0,0,0,0,,,,,,
2725,"Rancho San Augustine, Hollister Ranch",Santa Barbara,,,,,,,,,,,,,,,,,"2,055",,195,349,,"3,835",,325,1,"2,167",,50,31,"3,365",303,"11,900",,6859,,,
2737,Refugio State Park,Santa Barbara,,,,,,,,,,,,,,,,,,,20,22,,,,0,0,,,,,1,,,,,,,
2803,"Rincon Creek, Carpinteria",Santa Barbara,,,38,300,,20,,,,,,,,,,,,,,0,190,5,,,,,,,,,,,,180,,,
2811,Rincon Point,Santa Barbara,,,,,,,,,,,,,,,,,,,,35,1,1,,,,,,,,,,,,,,,
2802,"Rincon Road, Carpinteria",Santa Barbara,,,"3,680",500,,,,,,,,,,,,,,,,0,0,0,,,,,,,,,,,,,,,
2763,"San Jose Cr / Elks Club, Goleta",Santa Barbara,,,"2,300","1,190",82,30,6,,307,,,,,,"2,046",51,45,603,935,636,,30,1,2,0,10,,0,,,,330,137,405,229,,
2728,Santa Anita Creek,Santa Barbara,,,,,,,,,,,,,,,,,,,150,"4,865",,"10,099",,575,45,"1,145",,11,0,"12,128","5,600","10,830",,4196,,,
2762,Stow Grove County Park,Santa Barbara,,,,,,,,,,,,,,,,,,,3,3,,4,,0,,0,,0,,0,,0,,0,0,,
2759,Stow House,Santa Barbara,,,,,,,,,,,,,,,,,,,0,0,,0,,,,0,,0,,0,,0,,,0,,
2735,Tajiguas Ranch Road South,Santa Barbara,,,500,,800,"2,500",,,,,,,,,,,,,,2,,199,0,,,,,2,,0,,,,0,,,
2744,"Tecolote Canyon, Goleta",Santa Barbara,,,100,3,3,12,,3,,,,,,,,,,,200,445,,"2,170",5,287,,3,,5,,,,,,905,,,
2723,TNC Preserve,Santa Barbara,,,,,,,,,,,,,,,,,,,,,,,,421,,876,,5,24,"1,274",,"34,180","12,380",33200,15434,,
2724,TNC Preserve 2,Santa Barbara,,,,,,,,,,,,,,,,,,,,,,,,98,,408,,12,13,82,,13,3,1630,81,,
2688,Union Valley Parkway,Santa Barbara,,,,,,,,,,,,,,,,,,,19,30,,18,0,2,0,0,,0,0,28,34,,,,,,
2707,"Vandenberg SFB, 35th Street",Santa Barbara,,,,,,,,,,,,,,,0,788,10,,,436,,0,0,23,0,0,,0,0,0,0,5,1,13,2,,
2702,"Vandenberg SFB, Airfield Rd.",Santa Barbara,,,,,,,,,,,,,,,303,0,0,,,"1,254",,56,0,,,0,,0,0,,,1,291,38,690,,
2701,"Vandenberg SFB, Archery Range",Santa Barbara,"17,000","7,200",250,,575,,,,,,,,,,3,0,0,,,57,,7,0,,,,,1,0,4,14,413,4,18,0,,
2711,"Vandenberg SFB, Bear Creek",Santa Barbara,,,,,,,,,,,,,,,,24,0,,,"1,190",,97,0,6,0,1,1,1,0,21,14,588,0,70,0,,
2718,"Vandenberg SFB, Boat House",Santa Barbara,,,,,,,,,,,,,,,,,0,,,5,,,,,,,,0,1,,,39,,5,,,
2719,"Vandenberg SFB, Cattle Pens",Santa Barbara,,,,,,,,,,,,,,,,,0,,,12,,,,,,,,4,0,,,29,,80,,,
2700,"Vandenberg SFB, Cross Rd.",Santa Barbara,,,0,,,,,,,,,,,,15,10,"1,230","1,130",103,3,,,,,,0,,0,0,"1,506",,461,0,4,0,,
2714,"Vandenberg SFB, Dry Creek Canyon",Santa Barbara,,,,,,,,,,,,,,,,0,0,,,52,,4,4,4,1,0,9,0,0,435,311,296,0,19,7,,
2704,"Vandenberg SFB, Family Camp Site",Santa Barbara,600,0,,,,,,,,,,,,,0,,15,,,1,,0,,,,0,,0,0,0,0,,0,217,27,,
2722,"Vandenberg SFB, Jalama Beach Park",Santa Barbara,,,,,,,,,,,,,,,,,76,,,0,,3,,8,,,,,,,,,,,,,
2710,"Vandenberg SFB, Manzanita Rd",Santa Barbara,,,,,,,,,,,,,,,,,,0,,2,,1,0,0,,,,0,0,,,0,,0,0,,
2696,"Vandenberg SFB, Marshalia  Golf Course",Santa Barbara,,"3,000",,,,,,,,,,,,,15,35,0,5,,12,,49,0,0,0,0,9,0,0,0,9,146,217,0,0,,
2709,"Vandenberg SFB, Mesa Rd / Arguello Blvd.",Santa Barbara,"6,500",50,"1,210","2,800",410,,,,,,,,,,"2,642",774,"6,716","1,025","1,706",787,,690,0,0,,,1,0,0,372,310,6,,63,8,,
3246,"Vandenberg SFB, Minuteman",Santa Barbara,,,,,,,,,,,,,,,,,,,,,,39,,9,2,17,,7,10,115,118,401,"1,156",111,121,,
2703,"Vandenberg SFB, Off Road Site",Santa Barbara,,,,,,,,,,,,,,,,,0,,,0,,40,657,0,0,0,,0,0,9,30,16,,4,,,
2716,"Vandenberg SFB, Old Coast Guard Station",Santa Barbara,,,,,,,,,,,,,,,,,0,,,4,,,,,,,,,,,,4,,3,,,
2694,"Vandenberg SFB, Point Sal Rd.",Santa Barbara,,,,,,,,,,,,,,,,,0,,,0,,1,0,7,,0,,1,0,0,12,331,21,83,3,,
2697,"Vandenberg SFB, Rancho Lateral Rd.",Santa Barbara,,,,,,,,,,,,,,,,0,0,,,3,,,,,,,,,,,,0,,0,,,
3243,"Vandenberg SFB, Rhea Rd.",Santa Barbara,,,,,,,,,,,,,,,,,,,,104,,0,,,,,,,,,,,,0,,,
2720,"Vandenberg SFB, Round Hill",Santa Barbara,,,,,,,,,,,,,,,,,0,,,0,,,,,,,,,,,,5,,5,,,
3272,"Vandenberg SFB, SLC-6",Santa Barbara,,,,,,,,,,,,,,,,,,,,,,,,,,,,,,,,,,1162,3,,
3209,"Vandenberg SFB, South Gate Grove",Santa Barbara,,,,,,,,,,,,,,,,,,5,"1,379",447,,3,,,,,,0,0,7,,281,0,0,0,,
2712,"Vandenberg SFB, Spring Canyon",Santa Barbara,"50,000","1,500","5,780","8,830","4,800",,,,700,"2,899",,,,,"6,015","1,025",0,0,0,"3,861",,49,5,928,282,154,223,6,8,"16,616","7,224","10,768","2,511",2235,2080,,
2721,"Vandenberg SFB, Sudden Ranch",Santa Barbara,,,,,,,,,,,,,,,,,0,,,0,,,,,,,,,,,,,,0,,,
2699,"Vandenberg SFB, Tangair Rd.",Santa Barbara,"25,500","8,100","3,860",,0,,,,"5,095",329,,,,,"2,563",692,"3,983",946,"2,860","2,376",,"4,812","2,527",73,2,29,1,0,0,"5,101","1,876",35,0,260,0,,
2822,"Vandenberg SFB, UDMH Site",Santa Barbara,,,,,,,,,,,,,,,,,,,,,,,,,,,,,,,,"6,012","1,133",1879,2402,,
2698,"Vandenberg SFB, Umbra Rd.",Santa Barbara,,,,,,,,,,,,,,,1,,0,,,0,,2,28,1,,0,,,0,0,2,768,2,0,,,
2713,"Vandenberg SFB, Upper Spring Canyon",Santa Barbara,"60,000",50,,,,,,,60,,,,,,,1,"11,082","2,447","8,625","1,430",,8,4,0,,37,70,0,,30,18,186,,265,0,,
2708,"Vandenberg SFB, Water Treatment  Plant",Santa Barbara,,,,,,,,,,,,,,,302,613,420,630,,1,,2,,0,,,,,,0,,2,24,95,0,,
2818,"Vandenberg Village, Lompoc",Santa Barbara,600,"3,200",,,740,,,,,,,,,,,,,,,214,,8,,,,,,0,0,,0,11,0,12,0,,
2790,"Veronica Springs, Santa Barbara",Santa Barbara,,,,0,,,,,,,,,,,,,,,,0,,0,,,,0,0,0,0,0,,0,0,0,0,,
2782,Via Real and Padaro ,Santa Barbara,,,,,,,,,,,,,,,,,,,,"1,800","2,390","2,034",,118,0,46,,0,,0,0,28,1,4,,,
2677,Waller County Park,Santa Barbara,,,,,,,,,,,,,,,,,,,6,26,,25,2,7,0,2,,0,0,9,0,14,,14,,,
2746,Winchester Canyon,Santa Barbara,,,,,,,,,,,,,,,,,,,15,9,,1,,,,,,,,,1,11,0,,,,
3142,"Arrundel Barranca,  Ventura",Ventura,"40,000","12,000","4,900","2,500","2,900",15,"4,650",,"1,833","4,600","1,300",360,,"6,000","2,500",900,"3,075","1,105",834,"3,401","3,512",303,5,379,503,285,240,9,7,"7,715","3,917",591,5,1180,1622,,
3149,"Big Sycamore  Canyon, Pt. Mugu State Park",Ventura,"7,000","5,000",600,90,15,10,110,,,,10,85,,200,10,0,3,15,8,13,,0,0,,,0,0,0,1,89,66,1,0,24,8,,
3146,Blue Gum Grove,Ventura,,,,,,,,,,,,,,,,,,,0,,,2,0,6,,0,,2,,0,0,,,0,2,,
3143,"Camino Real Park, Ventura",Ventura,"20,000",100,"1,800",800,750,40,590,,"6,400","8,300","1,100","1,300",,"9,500","10,000","5,750","4,736","1,450",,900,,"1,636",495,176,377,108,7,18,,"4,874","1,548","3,134",509,319,,,
3151,Harbor Blvd. Ventura,Ventura,"5,000","30,000","3,000","4,300","1,300",600,"4,960",,"3,300",450,200,"1,000",,"1,700","1,650",0,511,975,,"2,000",,"1,100",1,289,330,10,1,4,0,"5,547",921,"2,670",0,717,,,
3144,"Harmon Barranca,  Ventura",Ventura,"1,000",,,,"3,050",40,30,,,1,50,,,,,,,"2,200",11,"1,533",530,112,38,104,,9,13,,,313,1,"1,342",,,1739,,
3147,La Jolla Canyon,Ventura,,,,,,,,,,,,,,,,,,,1,0,,0,,,,,,1,0,3,,0,,0,,,
3148,"Little Sycamore  Canyon, Private Camp",Ventura,"25,000","8,000",500,"2,020","2,150",60,365,,,,,30,,,,,745,,250,,,,,,0,8,,0,0,,,,,,,,
3193,"Ocean Ave. Park, Ventura",Ventura,,,,,,,,,,,,,,"6,000","4,000","3,200",853,"3,640",,850,,12,0,105,,8,0,1,0,474,22,994,0,1147,89,,
3152,"Oxnard College, Oxnard",Ventura,,,15,,,,,,,,,"1,200",,30,30,,,56,0,25,,7,0,0,,0,,0,,110,1,12,,27,4,,
3150,"Taylor Ranch, North Ventura",Ventura,,"4,000","8,000","9,000",0,,,,,,,950,,500,,,,0,,,,80,,12,,0,,0,,20,,,,1,,,
3139,"Vista Del Mar SE, Ventura",Ventura,,,,,,,,,,,,,,,,,,260,,0,,0,0,223,7,,,6,,207,2,,,48,9,,
3140,"Vista Del Mar, Ventura",Ventura,"45,000","6,000","4,000",,"18,300","4,200","4,600",,,"1,400","4,700","5,500",,0,,,,"2,500",,2,,0,0,9,2,31,2,2,0,10,4,74,0,63,0,,
3182,"27540 Hwy. 1, Malibu",Los Angeles,400,,,5,,,25,,,,,,,,,,,,,,,,,,,,,,,0,,,,,,,
2894,"2817 Via La Selva, Palos Verdes",Los Angeles,,800,,0,10,,6,,,,,,,,,,,0,,,,,,,,,,,,0,0,0,16,0,0,,
2879,"Ballona Wetlands,  Playa Del Rey",Los Angeles,"1,150",,,5,90,0,80,,,,,,,,,,,60,,240,,,,,,0,,,,"1,454",980,283,,22,11,,
2887,"Banning Park, Wilmington",Los Angeles,,125,,50,10,,6,,,,,20,,,,,,0,,,,0,,,,,,,,8,0,,,,,,
2884,Brentwood Country Club,Los Angeles,,,,,,,,,,,,,,,,,50,,,,,,,,,,,,,,,,,,,,
2883,"Busch Dr. & Pacific Coast Hwy., Malibu",Los Angeles,"6,500","7,000","1,500","8,200",200,,535,,"2,300",,"3,600","2,000",,"1,000",,,200,50,1,80,,3,0,,0,5,,0,0,53,,0,,,,,
2888,"Chevron Refinery, El Segundo (Kansas St.)",Los Angeles,,250,,25,500,,10,,,,,,,,,,,30,,,,0,,,,,,,,0,,0,0,,0,,
2861,"Cliffside Drive, Malibu",Los Angeles,,,,,,,,,,,,,,,,,,,,,,,,,,,,,,1,,,,,0,,
2882,"El Dorado Nature Center, Long Beach (#1)",Los Angeles,"2,500",500,10,15,30,,8,,,25,25,40,,30,30,5,85,16,,5,,0,,,,,,,,0,,,,,,,
3196,"El Dorado Nature Center, Long Beach (#2)",Los Angeles,,,10,10,3,,0,,,,,,,,5,5,12,0,,0,,1,,,,,,,,,,,,,,,
2857,"Encinal Canyon, Malibu",Los Angeles,"7,500",,,15,5,,10,,,,,0,,,,,13,180,6,0,,0,0,,,,,0,0,,,,,,,,
2869,Getty Museum,Los Angeles,,,,,,,,,,,,,,,,,,,,,,,,,,,,,,,700,985,210,307,,,
2875,"Heartwell Park, Lakewood",Los Angeles,25,100,,0,,,,,,,,,,,,,,,,,,0,,,,,,,,0,,,,35,2,,
3259,Hermosa Beach,Los Angeles,,,,,,,,,,,,,,,,,,,,,,,,,,,,,,"1,349",656,337,15,18,14,,
3244,La Chusa Creek,Los Angeles,,,,,,,,,,,,,,,,,,,,150,,0,,,,,,1,,,,,,0,,,
2855,"Leo Carrillo State Beach, Malibu",Los Angeles,100,"4,500",300,60,5,45,155,,35,,10,40,,15,,3,0,120,5,,,2,0,,0,0,0,0,0,0,,0,0,,0,,
3218,"Livingston Park, Long Beach",Los Angeles,,,,,,,,,,,,,,,,,,2,,,,,,,,,,,,4,0,0,0,0,0,,
3277,Lower Topanga Canyon,Los Angeles,,,,,,,,,,,,,,,,,,,,,,,,,,,,,,,,,,107,110,,
2866,"Malibu Creek (Serra Rd.), Malibu",Los Angeles,"5,000","4,000",200,1,,10,300,,,,15,4,,,,,,100,,,,,,,,,,,,0,,0,,,,,
3260,Ocean Ave & Pacific St,Los Angeles,,,,,,,,,,,,,,,,,,,,,,,,,,,,,,101,39,7,,15,0,,
2856,"Old Kinney-Stahly Place, Malibu",Los Angeles,"10,500",,,,,,,,,,,,,,,,,,,,,,,,,,,0,,,,,,0,,,
2874,Penmar Golf Course,Los Angeles,,,,,,,,,,,,,,,,,,,,,,,,,,,,,,615,220,12,,29,0,,
2890,"Recreation Park (north), Long Beach",Los Angeles,150,70,,130,40,,0,,,,,25,,,,,,0,,0,,0,,,,,,,,7,2,1,0,2,,,
2891,"Recreation Park (south), Long Beach",Los Angeles,750,0,,20,3,,3,,,,,120,,,,,,5,8,2,,0,,,,,,,,0,,0,0,0,,,
2892,"Schabarum Co. Park, Rowland Heights",Los Angeles,,60,2,,,7,,,,,6,25,,,,,,,,,,,,,,,,,,,,0,,0,0,,
2858,Trancas Canyon,Los Angeles,,,,,,,,,,,,,,,,,,,,,,,,,,,,,,568,912,2,,94,0,,
2893,"Via La Selva & Via Capay, Palos Verdes",Los Angeles,,300,,150,10,,3,,,,,,,,,,,0,,,,,,,,,,,,0,0,11,23,3,0,,
2881,"Wilderness  Park, Redondo Beach",Los Angeles,200,300,,0,35,,20,,,,12,2,,,,,,2,56,,,3,,,,,,,,,,12,8,11,,,
3181,"Woodlawn Cemetery,  Santa Monica",Los Angeles,,175,,15,600,60,30,,,,,30,,75,,,,12,,15,,,,,,,,0,,7,0,3,,9,0,,
3207,"Aliviso Resort, Laguna Beach",Orange,200,,,,,,,,,,,,,,,,,,,,,,,,,,,,,0,0,,,,,,
3197,"Bolsa Chica, Huntington  Beach",Orange,,,,,,,,,,,,,,15,6,25,15,2,,,,3,,0,,,,,,,,0,,,,,
2950,"Calle Ariana, San Clemente",Orange,,,,,,,,,,,,,,,,,,,,,,,,,,,,,,13,,,,,,,
2947,"Doheny State Beach, Dana Point",Orange,150,120,10,15,0,,0,0,,,,3,,,0,,,,,,,0,,0,,0,,,,14,0,0,,,,,
2976,"Festival of the Arts, Laguna Beach",Orange,,,,,,,,,,,,5,,,,,,,,,,,,0,,0,,0,,,0,,,,,,
2977,"Golden West College, Huntington  Beach",Orange,,800,0,1,35,,0,235,140,15,8,20,,60,50,15,45,8,,15,,0,,2,,0,,0,,,7,,,,,,
2954,"Gum Grove Park, Seal Beach",Orange,"2,000",0,20,0,0,,0,,,,2,25,,40,40,20,25,12,0,35,,0,,8,,0,,0,,0,0,0,0,,,,
2978,"Hospital Site, Dana Point",Orange,650,80,5,0,0,,0,,,,,5,,,,,,,,,,,,0,,0,,,,,0,,,,,,
2975,"Huntington Central Park, (amphitheater)",Orange,"3,800","1,500",0,1,19,,0,123,450,25,60,25,17,30,30,12,10,12,,100,,35,,1,,0,,0,,147,564,193,,,,,
2955,"Huntington Central Park, Gothard St. Site",Orange,"3,000",0,0,1,1,,0,45,,40,,0,4,,2,3,0,0,,12,,1,,9,,0,,0,,12,6,,,,,,
3198,"Junipero & Presidente,  San Clemente",Orange,,,,,,,,,,,,,,5,0,,,0,,,,,,0,,0,,0,,,0,,,,,,
3199,"Marina Park, Seal Beach",Orange,,,,,,,,,,,,,,7,,0,,2,,,,,,1,,0,,0,,0,0,0,0,,,,
2979,"Naval Weapons  Station, Seal Beach",Orange,,200,,,,,,,,,,,,,,,,,,,,,,0,,,,,,,,0,,,,,
2957,"Norma Gibbs, Grahm St., Huntington",Orange,350,8,7,0,8,,1,20,60,,1,30,175,100,25,2,135,50,,0,,25,,33,,0,,0,,38,0,0,1,,,,
2949,"San Clemente State Park, San Clemente",Orange,,150,1,20,0,,,104,110,20,1,100,15,240,175,225,120,1,1,0,,3,,0,,3,,1,,13,2,,,14,1,,
2980,"Sundance  Dr., Costa Mesa",Orange,"3,500","1,500",0,5,23,,6,20,,3,10,3,,,280,10,30,29,,1,,1,,1,,,,,,0,0,0,0,,,,
3200,"Trafalgar Ln., San Clemente",Orange,,,,,,,,,,,,,,5,1,,,0,,,,,,1,,0,,,,4,0,,,,,,
3202,Camp Pendleton Main,San Diego,"10,000",5,10,225,,20,15,130,830,300,,50,12,2,,,,,,,,,,,,0,0,,,0,,,,,,,
3184,"Crest Dr., Encinitas",San Diego,50,,0,0,,,0,,,,,,,,,,,0,,,,0,1,,,0,,1,0,35,30,,,0,0,,
3022,"Crest Rd., Del Mar",San Diego,300,0,,,,,,,,,,,,,,0,,0,,,,0,,,,0,0,0,0,0,,,,0,0,,
3024,"El Camino Real & Chestnut,  Carlsbad",San Diego,150,60,2,0,0,0,0,,,,1,25,,,0,20,0,1,,0,,4,,,,10,,,0,1,1,,0,,,,
3026,"El Prado & 6th Street, Balboa Park",San Diego,100,0,6,0,0,,0,,,,,1,,,0,,0,1,,,,0,,0,0,0,0,0,0,0,0,,,0,,,
3254,Emerald Isle Golf Course,San Diego,,,,,,,,,,,,,,,,,,,,,,,,,,,,16,,0,,0,,,0,,
3019,"Eucalyptus  Park, Chula Vista",San Diego,250,190,25,0,0,,3,,,0,0,50,0,20,0,30,2,10,0,0,,0,,0,0,,,0,0,,,,,0,,,
3027,"Grape Street Park, Balboa Park",San Diego,200,30,0,0,0,,0,,,,,90,0,30,30,10,15,30,20,2,,0,,0,0,0,9,,0,0,2,,12,2,3,,
3205,"Hidden Pines Trail, Torrey Pines SNR",San Diego,170,5,0,1,15,0,0,,0,,,5,,,0,30,0,5,,,,0,,,,2,0,0,1,91,5,6,0,1,,,
3013,"Hosp Grove, Carlsbad",San Diego,"1,100",200,0,0,6,0,0,0,0,,0,15,,40,5,35,0,0,0,0,,0,,2,0,8,,,,0,0,0,,0,0,,
3276,"Las Flores Adobe, Camp Pendleton",San Diego,,,,,,,,,,,,,,,,,,,,,,,,,,,,,,,,,,95,4,,
3018,"Lemongrove, Camp Pendleton",San Diego,,,,,,,,,,,,,,,,,,,,,,,,,13,,,,,5,14,0,,,10,,
3180,"Mount Soledad, La Jolla, Romero Dr.",San Diego,500,70,0,,0,,0,,,,,,,,,,,,,,,,,,,,,0,0,0,0,,,,,,
3020,"Nogales Site, Del Mar",San Diego,"1,100",400,25,40,1,0,3,45,12,30,20,75,,20,15,75,30,45,,30,,3,,,,0,0,0,0,3,,1,0,4,1,,
3030,"Pottery Canyon, La Jolla",San Diego,55,15,0,0,0,,1,,,,,0,,,0,,,20,6,8,,0,,,,0,0,2,0,0,0,0,0,0,0,,
3016,"Presidio Park, Old Town",San Diego,250,100,17,32,25,5,13,50,20,25,20,60,5,50,10,40,15,30,3,0,,1,0,3,4,0,0,1,2,8,1,3,1,0,0,,
3025,"Quail Gardens Dr., Encinitas",San Diego,50,,0,0,0,,,,,,,,,,,,,0,,,,,,,,0,,,,0,11,0,,,,,
3014,San Diego Botanic Garden,San Diego,150,7,0,17,6,15,15,,,20,10,30,,40,15,12,0,25,,,,0,,,,0,,,,0,0,0,,,,,
3028,"San Dieguito County Park, Solana Beach",San Diego,120,8,0,0,0,,0,,,,,0,,,,,,0,,0,,0,,,,0,,0,,1,,0,0,0,0,,
3204,"San Onofre Creek, Camp Pendleton",San Diego,,,,,,,,,,,,150,1,35,,,,,,0,,,,,,,,0,0,2,0,,0,,,,
3206,South Torrey Pines State Natural Reserve,San Diego,80,5,0,0,5,0,0,,,,0,,,2,,0,0,0,0,,,,,,,0,0,,0,0,0,0,,,,,
3017,"Space Theater Way, Balboa Park",San Diego,100,0,0,0,2,,0,,,,,10,,,10,,10,10,,0,,0,,0,0,0,,3,0,0,,1,,0,0,,
3203,"Tomato Fields, Camp Pendleton",San Diego,,,,,,,,,30,,,130,50,20,,,,,,,,,,,,,,0,0,"1,035",1,38,0,,,,
3029,UCSD Che Cafe,San Diego,450,50,3,0,0,0,0,0,,,0,0,,1,0,0,0,0,,,,2,1,,4,0,0,0,0,5,0,0,0,0,0,,
3031,"UCSD Coast Site, Azul St.",San Diego,"2,400",350,10,26,15,0,0,35,10,20,0,30,5,90,2,25,60,30,150,10,,0,0,0,0,1,0,,,9,0,0,0,0,0,,
3023,UCSD Mandeville,San Diego,"8,000",750,1,1,1,0,0,0,,,0,1,,10,0,0,0,0,,,,0,,0,,0,0,0,0,0,0,0,,0,0,,
3219,UCSD Running Field,San Diego,,,,,,,,,,,,,,,,,,0,,,,,,0,,,,0,0,,,,,,,,
3032,"UCSD Salk Site, Near Salk Institute",San Diego,0,325,0,0,0,0,0,,,,0,,,,,0,0,0,,,,,,0,,0,0,0,0,0,0,,0,1,,,
3033,"UCSD Weiss, Near the Weiss Theater",San Diego,40,20,1,6,2,0,0,0,,,,1,,0,0,0,0,0,,,,3,3,0,0,0,0,0,0,1,0,1,0,0,0,,
3201,"Veterans Park, Imperial Beach",San Diego,,,,,,,,,,,,,,12,5,15,12,25,15,0,,47,,7,0,1,0,7,,2,,30,4,12,15,,
3153,"El Sauzal, Near Mex. 1 and Mex. 3",Baja California,"2,000",600,100,48,,,20,40,,,,,,,,,,,,,,19,,0,,,,0,,,,,,15,,,
3247,Hotel Villas California,Baja California,,,,,,,,,,,,,,,,,,,,,,28,,0,,,,,,,,,,,,,
3154,La Mission,Baja California,30,7,,12,,,1,3,,,,,,,,,,,,,,,,,,,,0,,,,,,2,,,
3155,La Salina,Baja California,"1,700",800,50,80,,,60,45,,,,,,,,,,,,,,,,,,,,2,,,,,,,,,
3156,"Moneadero,  12 miles south of Ensenada",Baja California,50,250,,4,,,0,,,,,,,,,,,,,,,,,,,,,,,,,,,,,,
3157,Rancho Santa Anita (Mex. 3),Baja California,900,100,,54,,,1,6,,,,,,,,,,,,,,,,,,,,,,,,,,,,,
3253,Real Del Mar,Baja California,,,,,,,,,,,,,,,,,,,,,,,,,,,,4,,,,,,0,,,
3278,Buckskin State Park,"Parker, AZ",,,,,,,,,,,,,,,,,,,,110,,8,,0,,2,,0,,0,40,12,,25,0,,
3279,Desert Botanical Garden,"Phoenix, AZ",,,,,,,,,,,,,,12,1,,0,1,,,,0,,,,,,,,,,0,,,,,
3280,McClintock  & Salt River Riparian Area,"Tempe, AZ",,,,,,,,,,,,,,5,12,,2,,,,,0,,,,,,0,0,0,,0,,0,0,,
3281,Rio Salado Habitat Restoration  Area-Main,"Phoenix, AZ",,,,,,,,,,,,,,17,42,,12,2,10,6,,2,,3,,2,,8,0,13,13,7,7,4,0,,
3282,Rio Salado Habitat Restoration  Area-N. Anex,"Phoenix, AZ",,,,,,,,,,,,,,2,26,,0,0,0,0,,0,,0,,0,,0,0,0,0,0,0,0,0,,
3283,Rio Salado Habitat Restoration  Area-S. Anex,"Phoenix, AZ",,,,,,,,,,,,,,6,18,,1,0,1,0,,0,,0,,0,,0,0,0,0,0,0,0,0,,
3284,Rotary Park,"Lake Havasu, AZ",,,,,,,,,,,,,,,,,,,,60,,6,,0,,2,,3,0,106,30,65,,0,0,,
3285,Singh Farm,"Scottsdale, AZ",,,,,,,,,,,,,,,,,,8,0,,,0,,0,,,,0,0,,,0,,,,,
3286,South Mountain & 24th Street,"Phoenix, AZ",,,,,,,,,,,,,,10,15,,6,3,,1,,0,,0,,,,0,0,0,,0,,,,,
2846,Hunter Canyon,Inyo,,,,,,,,,,,,,,,,,,,,,,137,0,20,0,19,,3,,620,,227,,,55,,
2847,McElvoy Canyon,Inyo,,,,,,,,,,,,,,,,,,,,,,3,0,,,,,26,,236,,3,,,,,
2848,Willow Canyon,Inyo,,,,,,,,,,,,,,,,,,,,,,5,,2,,,,4,,9,,,,,,,
,,Total monarchs reported,"1,235,490","564,349","267,074","390,057","209,570","99,353","254,378","205,085","218,679","221,058","86,437","131,889","58,468","143,204","222,525","144,812","211,275","234,726","292,880","298,464","98,950","192,626","74,728","27,721","16,554","29,429","11,971","1,901","1,069","247,246","151,168","335,479","116,758","233,394","141,076",,
,,Number of sites monitored,101,111,117,139,126,94,123,83,91,87,92,116,76,114,128,136,163,184,185,252,46,263,115,213,143,238,118,248,166,284,207,270,175,257,200,,
,,Average,"12,233","5,084","2,283","2,806","1,663","1,057","2,068","2,471","2,403","2,541",940,"1,137",769,"1,256","1,738","1,065","1,296","1,276","1,583","1,184","2,151",732,650,130,116,124,101,8,6,871,730,"1,243",667,908,705,,
,,Standard error,2179,1370,625,610,438,360,469,587,713,530,265,294,260,343,335,295,296,293,270,222,500,136,202,24,31,36,40,2,3,176,158,235,183,177,159,,
,,,,,,,,,,,,,,,,,,,,,,,,,,,,,,,,,,,,,,,
,Peak-Season & Late-Season Count Comparison:,Number of sites monitored for both peak-season count & late-season count,,,,,,,,,,,,,,,,,,,,46,,115,,130,,117,,159,,195,,167,,179,,,
,,Modified peak-season count,,,,,,,,,,,,,,,,,,,,"171,293",,"147,301",,"25,441",,"21,941",,"1,603",,"241,426",,"275,563",,"193,442",,,
,,Modified late-season count,,,,,,,,,,,,,,,,,,,,"98,950",,"74,728",,"16,063",,"11,970",,"1,039",,"150,453",,"116,741",,"138,448",,,
,,Percent Change (%),,,,,,,,,,,,,,,,,,,,-42%,,-49%,,-37%,,-45%,,-35%,,-38%,,-58%,,-28%,,,